{
  "version": "2020.2",
  "applications": [],
  "platforms": [
    {
      "name": "GridEyeV"
    }
  ],
  "systems": [
    {
      "name": "GridEyeVitis_system",
      "platform": "C:/SoC/GridEye/vitis2/GridEyeV/export/GridEyeV/GridEyeV.xpfm",
      "sysConfig": "GridEyeV",
      "buildConfig": "Debug",
      "applications": [
        {
          "name": "GridEyeVitis",
          "platform": "C:/SoC/GridEye/vitis2/GridEyeV/export/GridEyeV/GridEyeV.xpfm",
          "platformPath": "C:\\SoC\\GridEye\\vitis2\\GridEyeV\\export\\GridEyeV",
          "sysConfig": "GridEyeV",
          "domain": "standalone_ps7_cortexa9_0",
          "system": "GridEyeVitis_system"
        }
      ],
      "platformPath": "C:\\SoC\\GridEye\\vitis2\\GridEyeV\\export\\GridEyeV"
    }
  ],
  "others": []
}